Workbook

Sheet REGISTRO
A1: ID | B1: Nombre | C1: Fecha | D1: Hora inicio | E1: Hora término | F1: Horas generadas | G1: Motivo | H1: Actividad realizada | I1: Área / Departamento | J1: Autorizado | K1: Estado | L1: Fecha compensación | M1: Horas compensadas | N1: Saldo pendiente | O1: Observaciones | P1: Foto / Evidencia
A2: =IF(B2="","",ROW()-1) | F2: =IF(OR(D2="",E2=""),"",MOD(E2-D2,1)) | K2: =IF(F2="","",IF(N2=0,"Compensado",IF(M2>0,"Parcialmente compensado","Pendiente"))) | N2: =IF(F2="","",MAX(0,F2-M2)) | P2: Adjuntar en Forms / pegar enlace
A3: =IF(B3="","",ROW()-1) | F3: =IF(OR(D3="",E3=""),"",MOD(E3-D3,1)) | K3: =IF(F3="","",IF(N3=0,"Compensado",IF(M3>0,"Parcialmente compensado","Pendiente"))) | N3: =IF(F3="","",MAX(0,F3-M3)) | P3: Adjuntar en Forms / pegar enlace
A4: =IF(B4="","",ROW()-1) | F4: =IF(OR(D4="",E4=""),"",MOD(E4-D4,1)) | K4: =IF(F4="","",IF(N4=0,"Compensado",IF(M4>0,"Parcialmente compensado","Pendiente"))) | N4: =IF(F4="","",MAX(0,F4-M4)) | P4: Adjuntar en Forms / pegar enlace
A5: =IF(B5="","",ROW()-1) | F5: =IF(OR(D5="",E5=""),"",MOD(E5-D5,1)) | K5: =IF(F5="","",IF(N5=0,"Compensado",IF(M5>0,"Parcialmente compensado","Pendiente"))) | N5: =IF(F5="","",MAX(0,F5-M5)) | P5: Adjuntar en Forms / pegar enlace
A6: =IF(B6="","",ROW()-1) | F6: =IF(OR(D6="",E6=""),"",MOD(E6-D6,1)) | K6: =IF(F6="","",IF(N6=0,"Compensado",IF(M6>0,"Parcialmente compensado","Pendiente"))) | N6: =IF(F6="","",MAX(0,F6-M6)) | P6: Adjuntar en Forms / pegar enlace
A7: =IF(B7="","",ROW()-1) | F7: =IF(OR(D7="",E7=""),"",MOD(E7-D7,1)) | K7: =IF(F7="","",IF(N7=0,"Compensado",IF(M7>0,"Parcialmente compensado","Pendiente"))) | N7: =IF(F7="","",MAX(0,F7-M7)) | P7: Adjuntar en Forms / pegar enlace
A8: =IF(B8="","",ROW()-1) | F8: =IF(OR(D8="",E8=""),"",MOD(E8-D8,1)) | K8: =IF(F8="","",IF(N8=0,"Compensado",IF(M8>0,"Parcialmente compensado","Pendiente"))) | N8: =IF(F8="","",MAX(0,F8-M8)) | P8: Adjuntar en Forms / pegar enlace
A9: =IF(B9="","",ROW()-1) | F9: =IF(OR(D9="",E9=""),"",MOD(E9-D9,1)) | K9: =IF(F9="","",IF(N9=0,"Compensado",IF(M9>0,"Parcialmente compensado","Pendiente"))) | N9: =IF(F9="","",MAX(0,F9-M9)) | P9: Adjuntar en Forms / pegar enlace
A10: =IF(B10="","",ROW()-1) | F10: =IF(OR(D10="",E10=""),"",MOD(E10-D10,1)) | K10: =IF(F10="","",IF(N10=0,"Compensado",IF(M10>0,"Parcialmente compensado","Pendiente"))) | N10: =IF(F10="","",MAX(0,F10-M10)) | P10: Adjuntar en Forms / pegar enlace
A11: =IF(B11="","",ROW()-1) | F11: =IF(OR(D11="",E11=""),"",MOD(E11-D11,1)) | K11: =IF(F11="","",IF(N11=0,"Compensado",IF(M11>0,"Parcialmente compensado","Pendiente"))) | N11: =IF(F11="","",MAX(0,F11-M11)) | P11: Adjuntar en Forms / pegar enlace
A12: =IF(B12="","",ROW()-1) | F12: =IF(OR(D12="",E12=""),"",MOD(E12-D12,1)) | K12: =IF(F12="","",IF(N12=0,"Compensado",IF(M12>0,"Parcialmente compensado","Pendiente"))) | N12: =IF(F12="","",MAX(0,F12-M12)) | P12: Adjuntar en Forms / pegar enlace
A13: =IF(B13="","",ROW()-1) | F13: =IF(OR(D13="",E13=""),"",MOD(E13-D13,1)) | K13: =IF(F13="","",IF(N13=0,"Compensado",IF(M13>0,"Parcialmente compensado","Pendiente"))) | N13: =IF(F13="","",MAX(0,F13-M13)) | P13: Adjuntar en Forms / pegar enlace
... A101: =IF(B101="","",ROW()-1) | F101: =IF(OR(D101="",E101=""),"",MOD(E101-D101,1)) | K101: =IF(F101="","",IF(N101=0,"Compensado",IF(M101>0,"Parcialmente compensado","Pendiente"))) | N101: =IF(F101="","",MAX(0,F101-M101)) | P101: Adjuntar en Forms / pegar enlace

Sheet COMPENSACIONES
A1: ID | B1: Nombre | C1: Fecha compensación | D1: Horas compensadas | E1: Motivo / actividad | F1: Observaciones
A2: =IF(B2="","",ROW()-1)
A3: =IF(B3="","",ROW()-1)
A4: =IF(B4="","",ROW()-1)
A5: =IF(B5="","",ROW()-1)
A6: =IF(B6="","",ROW()-1)
A7: =IF(B7="","",ROW()-1)
A8: =IF(B8="","",ROW()-1)
A9: =IF(B9="","",ROW()-1)
A10: =IF(B10="","",ROW()-1)
A11: =IF(B11="","",ROW()-1)
A12: =IF(B12="","",ROW()-1)
A13: =IF(B13="","",ROW()-1)
... A101: =IF(B101="","",ROW()-1)

Sheet RESUMEN
A1: BANCO DE HORAS – RESUMEN
A3: Indicador | B3: Resultado
A4: Horas generadas | B4: =SUM(REGISTRO!F2:F101)
A5: Horas compensadas | B5: =SUM(COMPENSACIONES!D2:D101)
A6: Horas pendientes | B6: =MAX(0,B4-B5)
A7: Registros pendientes | B7: =COUNTIF(REGISTRO!K2:K101,"Pendiente")+COUNTIF(REGISTRO!K2:K101,"Parcialmente compensado")
A10: Resumen por colaborador
A11: Colaborador | B11: Generadas | C11: Compensadas | D11: Saldo
B12: =IF(A12="","",SUMIF(REGISTRO!B:B,A12,REGISTRO!F:F)) | C12: =IF(A12="","",SUMIF(COMPENSACIONES!B:B,A12,COMPENSACIONES!D:D)) | D12: =IF(A12="","",MAX(0,B12-C12))
B13: =IF(A13="","",SUMIF(REGISTRO!B:B,A13,REGISTRO!F:F)) | C13: =IF(A13="","",SUMIF(COMPENSACIONES!B:B,A13,COMPENSACIONES!D:D)) | D13: =IF(A13="","",MAX(0,B13-C13))
B14: =IF(A14="","",SUMIF(REGISTRO!B:B,A14,REGISTRO!F:F)) | C14: =IF(A14="","",SUMIF(COMPENSACIONES!B:B,A14,COMPENSACIONES!D:D)) | D14: =IF(A14="","",MAX(0,B14-C14))
B15: =IF(A15="","",SUMIF(REGISTRO!B:B,A15,REGISTRO!F:F)) | C15: =IF(A15="","",SUMIF(COMPENSACIONES!B:B,A15,COMPENSACIONES!D:D)) | D15: =IF(A15="","",MAX(0,B15-C15))
B16: =IF(A16="","",SUMIF(REGISTRO!B:B,A16,REGISTRO!F:F)) | C16: =IF(A16="","",SUMIF(COMPENSACIONES!B:B,A16,COMPENSACIONES!D:D)) | D16: =IF(A16="","",MAX(0,B16-C16))
B17: =IF(A17="","",SUMIF(REGISTRO!B:B,A17,REGISTRO!F:F)) | C17: =IF(A17="","",SUMIF(COMPENSACIONES!B:B,A17,COMPENSACIONES!D:D)) | D17: =IF(A17="","",MAX(0,B17-C17))
B18: =IF(A18="","",SUMIF(REGISTRO!B:B,A18,REGISTRO!F:F)) | C18: =IF(A18="","",SUMIF(COMPENSACIONES!B:B,A18,COMPENSACIONES!D:D)) | D18: =IF(A18="","",MAX(0,B18-C18))
B19: =IF(A19="","",SUMIF(REGISTRO!B:B,A19,REGISTRO!F:F)) | C19: =IF(A19="","",SUMIF(COMPENSACIONES!B:B,A19,COMPENSACIONES!D:D)) | D19: =IF(A19="","",MAX(0,B19-C19))
B20: =IF(A20="","",SUMIF(REGISTRO!B:B,A20,REGISTRO!F:F)) | C20: =IF(A20="","",SUMIF(COMPENSACIONES!B:B,A20,COMPENSACIONES!D:D)) | D20: =IF(A20="","",MAX(0,B20-C20))
B21: =IF(A21="","",SUMIF(REGISTRO!B:B,A21,REGISTRO!F:F)) | C21: =IF(A21="","",SUMIF(COMPENSACIONES!B:B,A21,COMPENSACIONES!D:D)) | D21: =IF(A21="","",MAX(0,B21-C21))
B22: =IF(A22="","",SUMIF(REGISTRO!B:B,A22,REGISTRO!F:F)) | C22: =IF(A22="","",SUMIF(COMPENSACIONES!B:B,A22,COMPENSACIONES!D:D)) | D22: =IF(A22="","",MAX(0,B22-C22))
B23: =IF(A23="","",SUMIF(REGISTRO!B:B,A23,REGISTRO!F:F)) | C23: =IF(A23="","",SUMIF(COMPENSACIONES!B:B,A23,COMPENSACIONES!D:D)) | D23: =IF(A23="","",MAX(0,B23-C23))
... B31: =IF(A31="","",SUMIF(REGISTRO!B:B,A31,REGISTRO!F:F)) | C31: =IF(A31="","",SUMIF(COMPENSACIONES!B:B,A31,COMPENSACIONES!D:D)) | D31: =IF(A31="","",MAX(0,B31-C31))

Sheet INSTRUCCIONES
A1: INSTRUCCIONES – BANCO DE HORAS
A3: 1. Registrar horas | B3: Cada vez que se trabaje fuera de horario, completar una fila en REGISTRO o ingresar los datos mediante Microsoft Forms.
A4: 2. No ingresar horas manualmente | B4: Las columnas Horas generadas, Estado y Saldo pendiente se calculan automáticamente.
A5: 3. Registrar compensación | B5: Cada vez que se devuelva tiempo, registrar una nueva fila en COMPENSACIONES.
A6: 4. Revisar resumen | B6: La hoja RESUMEN muestra horas generadas, compensadas y pendientes.
A7: 5. Formato de horas | B7: Las columnas de tiempo usan [h]:mm para permitir acumulados superiores a 24 horas.
A8: 6. Microsoft Forms | B8: El formulario puede usar los campos de REGISTRO: Nombre, Fecha, Hora inicio, Hora término, Motivo, Actividad, Área, Autorizado y Observaciones.
A10: 7. Evidencia | B10: El formulario puede incluir una pregunta para adjuntar una foto/evidencia. En Excel, la columna Foto / Evidencia quedará disponible para identificar o vincular el archivo.
A11: 8. Qué evidencia adjuntar | B11: Idealmente una captura o foto que permita acreditar la actividad: correo, cierre de sistema, informe, mensaje de coordinación, comprobante o documento relacionado.
